STRUCTURE,STRUCTURE_ID,STRUCTURE_NAME,ACTION,REF_AREA,Reference area,FREQ,Frequency of observation,MEASURE,Measure,UNIT_MEASURE,Unit of measure,EXPEND_SOURCE,Expenditure source,SPENDING_TYPE,Spending type,PROGRAMME_TYPE,Programme type,PRICE_BASE,Price base,TIME_PERIOD,Time period,OBS_VALUE,Observation value,OBS_STATUS,Observation status,UNIT_MULT,Unit multiplier,DECIMALS,Decimals,CURRENCY,Currency,BASE_PER,Base period
DATAFLOW,OECD.ELS.SPD:DSD_SOCX_AGG@DF_SOCX_AGG(1.0),Social expenditure aggregates,I,SWE,Sweden,A,Annual,SOCX,Social expenditure,PT_B1GQ,Percentage of GDP,ES10,Public,_T,Total,_T,Total,_Z,Not applicable,2015,,26.107,,A,Normal value,0,Units,1,One,_Z,Not applicable,,
DATAFLOW,OECD.ELS.SPD:DSD_SOCX_AGG@DF_SOCX_AGG(1.0),Social expenditure aggregates,I,SWE,Sweden,A,Annual,SOCX,Social expenditure,PT_B1GQ,Percentage of GDP,ES10,Public,_T,Total,_T,Total,_Z,Not applicable,2016,,26.527,,A,Normal value,0,Units,1,One,_Z,Not applicable,,
DATAFLOW,OECD.ELS.SPD:DSD_SOCX_AGG@DF_SOCX_AGG(1.0),Social expenditure aggregates,I,SWE,Sweden,A,Annual,SOCX,Social expenditure,PT_B1GQ,Percentage of GDP,ES10,Public,_T,Total,_T,Total,_Z,Not applicable,2017,,25.859,,A,Normal value,0,Units,1,One,_Z,Not applicable,,
DATAFLOW,OECD.ELS.SPD:DSD_SOCX_AGG@DF_SOCX_AGG(1.0),Social expenditure aggregates,I,SWE,Sweden,A,Annual,SOCX,Social expenditure,PT_B1GQ,Percentage of GDP,ES10,Public,_T,Total,_T,Total,_Z,Not applicable,2018,,25.633,,A,Normal value,0,Units,1,One,_Z,Not applicable,,
DATAFLOW,OECD.ELS.SPD:DSD_SOCX_AGG@DF_SOCX_AGG(1.0),Social expenditure aggregates,I,SWE,Sweden,A,Annual,SOCX,Social expenditure,PT_B1GQ,Percentage of GDP,ES10,Public,_T,Total,_T,Total,_Z,Not applicable,2019,,25.072,,A,Normal value,0,Units,1,One,_Z,Not applicable,,
DATAFLOW,OECD.ELS.SPD:DSD_SOCX_AGG@DF_SOCX_AGG(1.0),Social expenditure aggregates,I,SWE,Sweden,A,Annual,SOCX,Social expenditure,PT_B1GQ,Percentage of GDP,ES10,Public,_T,Total,_T,Total,_Z,Not applicable,2020,,25.855,,A,Normal value,0,Units,1,One,_Z,Not applicable,,
DATAFLOW,OECD.ELS.SPD:DSD_SOCX_AGG@DF_SOCX_AGG(1.0),Social expenditure aggregates,I,LTU,Lithuania,A,Annual,SOCX,Social expenditure,PT_B1GQ,Percentage of GDP,ES10,Public,_T,Total,_T,Total,_Z,Not applicable,2015,,15.805,,A,Normal value,0,Units,1,One,_Z,Not applicable,,
DATAFLOW,OECD.ELS.SPD:DSD_SOCX_AGG@DF_SOCX_AGG(1.0),Social expenditure aggregates,I,LTU,Lithuania,A,Annual,SOCX,Social expenditure,PT_B1GQ,Percentage of GDP,ES10,Public,_T,Total,_T,Total,_Z,Not applicable,2016,,15.573,,A,Normal value,0,Units,1,One,_Z,Not applicable,,
DATAFLOW,OECD.ELS.SPD:DSD_SOCX_AGG@DF_SOCX_AGG(1.0),Social expenditure aggregates,I,LTU,Lithuania,A,Annual,SOCX,Social expenditure,PT_B1GQ,Percentage of GDP,ES10,Public,_T,Total,_T,Total,_Z,Not applicable,2017,,15.334,,A,Normal value,0,Units,1,One,_Z,Not applicable,,
DATAFLOW,OECD.ELS.SPD:DSD_SOCX_AGG@DF_SOCX_AGG(1.0),Social expenditure aggregates,I,LTU,Lithuania,A,Annual,SOCX,Social expenditure,PT_B1GQ,Percentage of GDP,ES10,Public,_T,Total,_T,Total,_Z,Not applicable,2018,,16.398,,A,Normal value,0,Units,1,One,_Z,Not applicable,,
DATAFLOW,OECD.ELS.SPD:DSD_SOCX_AGG@DF_SOCX_AGG(1.0),Social expenditure aggregates,I,LTU,Lithuania,A,Annual,SOCX,Social expenditure,PT_B1GQ,Percentage of GDP,ES10,Public,_T,Total,_T,Total,_Z,Not applicable,2019,,16.993,,A,Normal value,0,Units,1,One,_Z,Not applicable,,
DATAFLOW,OECD.ELS.SPD:DSD_SOCX_AGG@DF_SOCX_AGG(1.0),Social expenditure aggregates,I,LTU,Lithuania,A,Annual,SOCX,Social expenditure,PT_B1GQ,Percentage of GDP,ES10,Public,_T,Total,_T,Total,_Z,Not applicable,2020,,21.076,,A,Normal value,0,Units,1,One,_Z,Not applicable,,
DATAFLOW,OECD.ELS.SPD:DSD_SOCX_AGG@DF_SOCX_AGG(1.0),Social expenditure aggregates,I,ISL,Iceland,A,Annual,SOCX,Social expenditure,PT_B1GQ,Percentage of GDP,ES10,Public,_T,Total,_T,Total,_Z,Not applicable,2015,,16.648,,A,Normal value,0,Units,1,One,_Z,Not applicable,,
DATAFLOW,OECD.ELS.SPD:DSD_SOCX_AGG@DF_SOCX_AGG(1.0),Social expenditure aggregates,I,ISL,Iceland,A,Annual,SOCX,Social expenditure,PT_B1GQ,Percentage of GDP,ES10,Public,_T,Total,_T,Total,_Z,Not applicable,2016,,16.491,,A,Normal value,0,Units,1,One,_Z,Not applicable,,
DATAFLOW,OECD.ELS.SPD:DSD_SOCX_AGG@DF_SOCX_AGG(1.0),Social expenditure aggregates,I,ISL,Iceland,A,Annual,SOCX,Social expenditure,PT_B1GQ,Percentage of GDP,ES10,Public,_T,Total,_T,Total,_Z,Not applicable,2017,,17.496,,A,Normal value,0,Units,1,One,_Z,Not applicable,,
DATAFLOW,OECD.ELS.SPD:DSD_SOCX_AGG@DF_SOCX_AGG(1.0),Social expenditure aggregates,I,ISL,Iceland,A,Annual,SOCX,Social expenditure,PT_B1GQ,Percentage of GDP,ES10,Public,_T,Total,_T,Total,_Z,Not applicable,2018,,17.779,,A,Normal value,0,Units,1,One,_Z,Not applicable,,
DATAFLOW,OECD.ELS.SPD:DSD_SOCX_AGG@DF_SOCX_AGG(1.0),Social expenditure aggregates,I,ISL,Iceland,A,Annual,SOCX,Social expenditure,PT_B1GQ,Percentage of GDP,ES10,Public,_T,Total,_T,Total,_Z,Not applicable,2019,,18.691,,A,Normal value,0,Units,1,One,_Z,Not applicable,,
DATAFLOW,OECD.ELS.SPD:DSD_SOCX_AGG@DF_SOCX_AGG(1.0),Social expenditure aggregates,I,ISL,Iceland,A,Annual,SOCX,Social expenditure,PT_B1GQ,Percentage of GDP,ES10,Public,_T,Total,_T,Total,_Z,Not applicable,2020,,23.013,,A,Normal value,0,Units,1,One,_Z,Not applicable,,
DATAFLOW,OECD.ELS.SPD:DSD_SOCX_AGG@DF_SOCX_AGG(1.0),Social expenditure aggregates,I,LUX,Luxembourg,A,Annual,SOCX,Social expenditure,PT_B1GQ,Percentage of GDP,ES10,Public,_T,Total,_T,Total,_Z,Not applicable,2015,,20.543,,A,Normal value,0,Units,1,One,_Z,Not applicable,,
DATAFLOW,OECD.ELS.SPD:DSD_SOCX_AGG@DF_SOCX_AGG(1.0),Social expenditure aggregates,I,LUX,Luxembourg,A,Annual,SOCX,Social expenditure,PT_B1GQ,Percentage of GDP,ES10,Public,_T,Total,_T,Total,_Z,Not applicable,2016,,20.251,,A,Normal value,0,Units,1,One,_Z,Not applicable,,
DATAFLOW,OECD.ELS.SPD:DSD_SOCX_AGG@DF_SOCX_AGG(1.0),Social expenditure aggregates,I,LUX,Luxembourg,A,Annual,SOCX,Social expenditure,PT_B1GQ,Percentage of GDP,ES10,Public,_T,Total,_T,Total,_Z,Not applicable,2017,,20.687,,A,Normal value,0,Units,1,One,_Z,Not applicable,,
DATAFLOW,OECD.ELS.SPD:DSD_SOCX_AGG@DF_SOCX_AGG(1.0),Social expenditure aggregates,I,LUX,Luxembourg,A,Annual,SOCX,Social expenditure,PT_B1GQ,Percentage of GDP,ES10,Public,_T,Total,_T,Total,_Z,Not applicable,2018,,21.02,,A,Normal value,0,Units,1,One,_Z,Not applicable,,
DATAFLOW,OECD.ELS.SPD:DSD_SOCX_AGG@DF_SOCX_AGG(1.0),Social expenditure aggregates,I,LUX,Luxembourg,A,Annual,SOCX,Social expenditure,PT_B1GQ,Percentage of GDP,ES10,Public,_T,Total,_T,Total,_Z,Not applicable,2019,,21.617,,A,Normal value,0,Units,1,One,_Z,Not applicable,,
DATAFLOW,OECD.ELS.SPD:DSD_SOCX_AGG@DF_SOCX_AGG(1.0),Social expenditure aggregates,I,LUX,Luxembourg,A,Annual,SOCX,Social expenditure,PT_B1GQ,Percentage of GDP,ES10,Public,_T,Total,_T,Total,_Z,Not applicable,2020,,23.92,,A,Normal value,0,Units,1,One,_Z,Not applicable,,
DATAFLOW,OECD.ELS.SPD:DSD_SOCX_AGG@DF_SOCX_AGG(1.0),Social expenditure aggregates,I,NZL,New Zealand,A,Annual,SOCX,Social expenditure,PT_B1GQ,Percentage of GDP,ES10,Public,_T,Total,_T,Total,_Z,Not applicable,2015,,20.04,,A,Normal value,0,Units,1,One,_Z,Not applicable,,
DATAFLOW,OECD.ELS.SPD:DSD_SOCX_AGG@DF_SOCX_AGG(1.0),Social expenditure aggregates,I,NZL,New Zealand,A,Annual,SOCX,Social expenditure,PT_B1GQ,Percentage of GDP,ES10,Public,_T,Total,_T,Total,_Z,Not applicable,2016,,19.65,,A,Normal value,0,Units,1,One,_Z,Not applicable,,
DATAFLOW,OECD.ELS.SPD:DSD_SOCX_AGG@DF_SOCX_AGG(1.0),Social expenditure aggregates,I,NZL,New Zealand,A,Annual,SOCX,Social expenditure,PT_B1GQ,Percentage of GDP,ES10,Public,_T,Total,_T,Total,_Z,Not applicable,2017,,18.652,,A,Normal value,0,Units,1,One,_Z,Not applicable,,
DATAFLOW,OECD.ELS.SPD:DSD_SOCX_AGG@DF_SOCX_AGG(1.0),Social expenditure aggregates,I,NZL,New Zealand,A,Annual,SOCX,Social expenditure,PT_B1GQ,Percentage of GDP,ES10,Public,_T,Total,_T,Total,_Z,Not applicable,2018,,19.455,,A,Normal value,0,Units,1,One,_Z,Not applicable,,
DATAFLOW,OECD.ELS.SPD:DSD_SOCX_AGG@DF_SOCX_AGG(1.0),Social expenditure aggregates,I,NZL,New Zealand,A,Annual,SOCX,Social expenditure,PT_B1GQ,Percentage of GDP,ES10,Public,_T,Total,_T,Total,_Z,Not applicable,2019,,23.642,,A,Normal value,0,Units,1,One,_Z,Not applicable,,
DATAFLOW,OECD.ELS.SPD:DSD_SOCX_AGG@DF_SOCX_AGG(1.0),Social expenditure aggregates,I,NZL,New Zealand,A,Annual,SOCX,Social expenditure,PT_B1GQ,Percentage of GDP,ES10,Public,_T,Total,_T,Total,_Z,Not applicable,2020,,21.978,,A,Normal value,0,Units,1,One,_Z,Not applicable,,
DATAFLOW,OECD.ELS.SPD:DSD_SOCX_AGG@DF_SOCX_AGG(1.0),Social expenditure aggregates,I,CRI,Costa Rica,A,Annual,SOCX,Social expenditure,PT_B1GQ,Percentage of GDP,ES10,Public,_T,Total,_T,Total,_Z,Not applicable,2015,,12.581,,A,Normal value,0,Units,1,One,_Z,Not applicable,,
DATAFLOW,OECD.ELS.SPD:DSD_SOCX_AGG@DF_SOCX_AGG(1.0),Social expenditure aggregates,I,CRI,Costa Rica,A,Annual,SOCX,Social expenditure,PT_B1GQ,Percentage of GDP,ES10,Public,_T,Total,_T,Total,_Z,Not applicable,2016,,12.271,,A,Normal value,0,Units,1,One,_Z,Not applicable,,
DATAFLOW,OECD.ELS.SPD:DSD_SOCX_AGG@DF_SOCX_AGG(1.0),Social expenditure aggregates,I,CRI,Costa Rica,A,Annual,SOCX,Social expenditure,PT_B1GQ,Percentage of GDP,ES10,Public,_T,Total,_T,Total,_Z,Not applicable,2017,,12.153,,A,Normal value,0,Units,1,One,_Z,Not applicable,,
DATAFLOW,OECD.ELS.SPD:DSD_SOCX_AGG@DF_SOCX_AGG(1.0),Social expenditure aggregates,I,CRI,Costa Rica,A,Annual,SOCX,Social expenditure,PT_B1GQ,Percentage of GDP,ES10,Public,_T,Total,_T,Total,_Z,Not applicable,2018,,12.484,,A,Normal value,0,Units,1,One,_Z,Not applicable,,
DATAFLOW,OECD.ELS.SPD:DSD_SOCX_AGG@DF_SOCX_AGG(1.0),Social expenditure aggregates,I,CRI,Costa Rica,A,Annual,SOCX,Social expenditure,PT_B1GQ,Percentage of GDP,ES10,Public,_T,Total,_T,Total,_Z,Not applicable,2019,,12.306,,A,Normal value,0,Units,1,One,_Z,Not applicable,,
DATAFLOW,OECD.ELS.SPD:DSD_SOCX_AGG@DF_SOCX_AGG(1.0),Social expenditure aggregates,I,CRI,Costa Rica,A,Annual,SOCX,Social expenditure,PT_B1GQ,Percentage of GDP,ES10,Public,_T,Total,_T,Total,_Z,Not applicable,2020,,14.457,,A,Normal value,0,Units,1,One,_Z,Not applicable,,
DATAFLOW,OECD.ELS.SPD:DSD_SOCX_AGG@DF_SOCX_AGG(1.0),Social expenditure aggregates,I,JPN,Japan,A,Annual,SOCX,Social expenditure,PT_B1GQ,Percentage of GDP,ES10,Public,_T,Total,_T,Total,_Z,Not applicable,2015,,21.914,,A,Normal value,0,Units,1,One,_Z,Not applicable,,
DATAFLOW,OECD.ELS.SPD:DSD_SOCX_AGG@DF_SOCX_AGG(1.0),Social expenditure aggregates,I,JPN,Japan,A,Annual,SOCX,Social expenditure,PT_B1GQ,Percentage of GDP,ES10,Public,_T,Total,_T,Total,_Z,Not applicable,2016,,21.965,,A,Normal value,0,Units,1,One,_Z,Not applicable,,
DATAFLOW,OECD.ELS.SPD:DSD_SOCX_AGG@DF_SOCX_AGG(1.0),Social expenditure aggregates,I,JPN,Japan,A,Annual,SOCX,Social expenditure,PT_B1GQ,Percentage of GDP,ES10,Public,_T,Total,_T,Total,_Z,Not applicable,2017,,22.077,,A,Normal value,0,Units,1,One,_Z,Not applicable,,
DATAFLOW,OECD.ELS.SPD:DSD_SOCX_AGG@DF_SOCX_AGG(1.0),Social expenditure aggregates,I,JPN,Japan,A,Annual,SOCX,Social expenditure,PT_B1GQ,Percentage of GDP,ES10,Public,_T,Total,_T,Total,_Z,Not applicable,2018,,22.195,,A,Normal value,0,Units,1,One,_Z,Not applicable,,
DATAFLOW,OECD.ELS.SPD:DSD_SOCX_AGG@DF_SOCX_AGG(1.0),Social expenditure aggregates,I,JPN,Japan,A,Annual,SOCX,Social expenditure,PT_B1GQ,Percentage of GDP,ES10,Public,_T,Total,_T,Total,_Z,Not applicable,2019,,22.765,,A,Normal value,0,Units,1,One,_Z,Not applicable,,
DATAFLOW,OECD.ELS.SPD:DSD_SOCX_AGG@DF_SOCX_AGG(1.0),Social expenditure aggregates,I,JPN,Japan,A,Annual,SOCX,Social expenditure,PT_B1GQ,Percentage of GDP,ES10,Public,_T,Total,_T,Total,_Z,Not applicable,2020,,24.943,,A,Normal value,0,Units,1,One,_Z,Not applicable,,
DATAFLOW,OECD.ELS.SPD:DSD_SOCX_AGG@DF_SOCX_AGG(1.0),Social expenditure aggregates,I,SVK,Slovak Republic,A,Annual,SOCX,Social expenditure,PT_B1GQ,Percentage of GDP,ES10,Public,_T,Total,_T,Total,_Z,Not applicable,2015,,17.249,,A,Normal value,0,Units,1,One,_Z,Not applicable,,
DATAFLOW,OECD.ELS.SPD:DSD_SOCX_AGG@DF_SOCX_AGG(1.0),Social expenditure aggregates,I,SVK,Slovak Republic,A,Annual,SOCX,Social expenditure,PT_B1GQ,Percentage of GDP,ES10,Public,_T,Total,_T,Total,_Z,Not applicable,2016,,17.625,,A,Normal value,0,Units,1,One,_Z,Not applicable,,
DATAFLOW,OECD.ELS.SPD:DSD_SOCX_AGG@DF_SOCX_AGG(1.0),Social expenditure aggregates,I,SVK,Slovak Republic,A,Annual,SOCX,Social expenditure,PT_B1GQ,Percentage of GDP,ES10,Public,_T,Total,_T,Total,_Z,Not applicable,2017,,17.518,,A,Normal value,0,Units,1,One,_Z,Not applicable,,
DATAFLOW,OECD.ELS.SPD:DSD_SOCX_AGG@DF_SOCX_AGG(1.0),Social expenditure aggregates,I,SVK,Slovak Republic,A,Annual,SOCX,Social expenditure,PT_B1GQ,Percentage of GDP,ES10,Public,_T,Total,_T,Total,_Z,Not applicable,2018,,17.177,,A,Normal value,0,Units,1,One,_Z,Not applicable,,
DATAFLOW,OECD.ELS.SPD:DSD_SOCX_AGG@DF_SOCX_AGG(1.0),Social expenditure aggregates,I,SVK,Slovak Republic,A,Annual,SOCX,Social expenditure,PT_B1GQ,Percentage of GDP,ES10,Public,_T,Total,_T,Total,_Z,Not applicable,2019,,17.452,,A,Normal value,0,Units,1,One,_Z,Not applicable,,
DATAFLOW,OECD.ELS.SPD:DSD_SOCX_AGG@DF_SOCX_AGG(1.0),Social expenditure aggregates,I,SVK,Slovak Republic,A,Annual,SOCX,Social expenditure,PT_B1GQ,Percentage of GDP,ES10,Public,_T,Total,_T,Total,_Z,Not applicable,2020,,19.769,,A,Normal value,0,Units,1,One,_Z,Not applicable,,
DATAFLOW,OECD.ELS.SPD:DSD_SOCX_AGG@DF_SOCX_AGG(1.0),Social expenditure aggregates,I,DNK,Denmark,A,Annual,SOCX,Social expenditure,PT_B1GQ,Percentage of GDP,ES10,Public,_T,Total,_T,Total,_Z,Not applicable,2015,,29.975,,A,Normal value,0,Units,1,One,_Z,Not applicable,,
DATAFLOW,OECD.ELS.SPD:DSD_SOCX_AGG@DF_SOCX_AGG(1.0),Social expenditure aggregates,I,DNK,Denmark,A,Annual,SOCX,Social expenditure,PT_B1GQ,Percentage of GDP,ES10,Public,_T,Total,_T,Total,_Z,Not applicable,2016,,29.429,,A,Normal value,0,Units,1,One,_Z,Not applicable,,
DATAFLOW,OECD.ELS.SPD:DSD_SOCX_AGG@DF_SOCX_AGG(1.0),Social expenditure aggregates,I,DNK,Denmark,A,Annual,SOCX,Social expenditure,PT_B1GQ,Percentage of GDP,ES10,Public,_T,Total,_T,Total,_Z,Not applicable,2017,,28.979,,A,Normal value,0,Units,1,One,_Z,Not applicable,,
DATAFLOW,OECD.ELS.SPD:DSD_SOCX_AGG@DF_SOCX_AGG(1.0),Social expenditure aggregates,I,DNK,Denmark,A,Annual,SOCX,Social expenditure,PT_B1GQ,Percentage of GDP,ES10,Public,_T,Total,_T,Total,_Z,Not applicable,2018,,28.534,,A,Normal value,0,Units,1,One,_Z,Not applicable,,
DATAFLOW,OECD.ELS.SPD:DSD_SOCX_AGG@DF_SOCX_AGG(1.0),Social expenditure aggregates,I,DNK,Denmark,A,Annual,SOCX,Social expenditure,PT_B1GQ,Percentage of GDP,ES10,Public,_T,Total,_T,Total,_Z,Not applicable,2019,,28.436,,A,Normal value,0,Units,1,One,_Z,Not applicable,,
DATAFLOW,OECD.ELS.SPD:DSD_SOCX_AGG@DF_SOCX_AGG(1.0),Social expenditure aggregates,I,DNK,Denmark,A,Annual,SOCX,Social expenditure,PT_B1GQ,Percentage of GDP,ES10,Public,_T,Total,_T,Total,_Z,Not applicable,2020,,29.347,,A,Normal value,0,Units,1,One,_Z,Not applicable,,
DATAFLOW,OECD.ELS.SPD:DSD_SOCX_AGG@DF_SOCX_AGG(1.0),Social expenditure aggregates,I,AUT,Austria,A,Annual,SOCX,Social expenditure,PT_B1GQ,Percentage of GDP,ES10,Public,_T,Total,_T,Total,_Z,Not applicable,2015,,28.261,,A,Normal value,0,Units,1,One,_Z,Not applicable,,
DATAFLOW,OECD.ELS.SPD:DSD_SOCX_AGG@DF_SOCX_AGG(1.0),Social expenditure aggregates,I,AUT,Austria,A,Annual,SOCX,Social expenditure,PT_B1GQ,Percentage of GDP,ES10,Public,_T,Total,_T,Total,_Z,Not applicable,2016,,28.197,,A,Normal value,0,Units,1,One,_Z,Not applicable,,
DATAFLOW,OECD.ELS.SPD:DSD_SOCX_AGG@DF_SOCX_AGG(1.0),Social expenditure aggregates,I,AUT,Austria,A,Annual,SOCX,Social expenditure,PT_B1GQ,Percentage of GDP,ES10,Public,_T,Total,_T,Total,_Z,Not applicable,2017,,27.826,,A,Normal value,0,Units,1,One,_Z,Not applicable,,
DATAFLOW,OECD.ELS.SPD:DSD_SOCX_AGG@DF_SOCX_AGG(1.0),Social expenditure aggregates,I,AUT,Austria,A,Annual,SOCX,Social expenditure,PT_B1GQ,Percentage of GDP,ES10,Public,_T,Total,_T,Total,_Z,Not applicable,2018,,27.561,,A,Normal value,0,Units,1,One,_Z,Not applicable,,
DATAFLOW,OECD.ELS.SPD:DSD_SOCX_AGG@DF_SOCX_AGG(1.0),Social expenditure aggregates,I,AUT,Austria,A,Annual,SOCX,Social expenditure,PT_B1GQ,Percentage of GDP,ES10,Public,_T,Total,_T,Total,_Z,Not applicable,2019,,27.708,,A,Normal value,0,Units,1,One,_Z,Not applicable,,
DATAFLOW,OECD.ELS.SPD:DSD_SOCX_AGG@DF_SOCX_AGG(1.0),Social expenditure aggregates,I,AUT,Austria,A,Annual,SOCX,Social expenditure,PT_B1GQ,Percentage of GDP,ES10,Public,_T,Total,_T,Total,_Z,Not applicable,2020,,31.108,,A,Normal value,0,Units,1,One,_Z,Not applicable,,
DATAFLOW,OECD.ELS.SPD:DSD_SOCX_AGG@DF_SOCX_AGG(1.0),Social expenditure aggregates,I,FIN,Finland,A,Annual,SOCX,Social expenditure,PT_B1GQ,Percentage of GDP,ES10,Public,_T,Total,_T,Total,_Z,Not applicable,2015,,30.528,,A,Normal value,0,Units,1,One,_Z,Not applicable,,
DATAFLOW,OECD.ELS.SPD:DSD_SOCX_AGG@DF_SOCX_AGG(1.0),Social expenditure aggregates,I,FIN,Finland,A,Annual,SOCX,Social expenditure,PT_B1GQ,Percentage of GDP,ES10,Public,_T,Total,_T,Total,_Z,Not applicable,2016,,30.441,,A,Normal value,0,Units,1,One,_Z,Not applicable,,
DATAFLOW,OECD.ELS.SPD:DSD_SOCX_AGG@DF_SOCX_AGG(1.0),Social expenditure aggregates,I,FIN,Finland,A,Annual,SOCX,Social expenditure,PT_B1GQ,Percentage of GDP,ES10,Public,_T,Total,_T,Total,_Z,Not applicable,2017,,29.574,,A,Normal value,0,Units,1,One,_Z,Not applicable,,
DATAFLOW,OECD.ELS.SPD:DSD_SOCX_AGG@DF_SOCX_AGG(1.0),Social expenditure aggregates,I,FIN,Finland,A,Annual,SOCX,Social expenditure,PT_B1GQ,Percentage of GDP,ES10,Public,_T,Total,_T,Total,_Z,Not applicable,2018,,29.353,,A,Normal value,0,Units,1,One,_Z,Not applicable,,
DATAFLOW,OECD.ELS.SPD:DSD_SOCX_AGG@DF_SOCX_AGG(1.0),Social expenditure aggregates,I,FIN,Finland,A,Annual,SOCX,Social expenditure,PT_B1GQ,Percentage of GDP,ES10,Public,_T,Total,_T,Total,_Z,Not applicable,2019,,29.419,,A,Normal value,0,Units,1,One,_Z,Not applicable,,
DATAFLOW,OECD.ELS.SPD:DSD_SOCX_AGG@DF_SOCX_AGG(1.0),Social expenditure aggregates,I,FIN,Finland,A,Annual,SOCX,Social expenditure,PT_B1GQ,Percentage of GDP,ES10,Public,_T,Total,_T,Total,_Z,Not applicable,2020,,31,,A,Normal value,0,Units,1,One,_Z,Not applicable,,
DATAFLOW,OECD.ELS.SPD:DSD_SOCX_AGG@DF_SOCX_AGG(1.0),Social expenditure aggregates,I,POL,Poland,A,Annual,SOCX,Social expenditure,PT_B1GQ,Percentage of GDP,ES10,Public,_T,Total,_T,Total,_Z,Not applicable,2015,,20.219,,A,Normal value,0,Units,1,One,_Z,Not applicable,,
DATAFLOW,OECD.ELS.SPD:DSD_SOCX_AGG@DF_SOCX_AGG(1.0),Social expenditure aggregates,I,POL,Poland,A,Annual,SOCX,Social expenditure,PT_B1GQ,Percentage of GDP,ES10,Public,_T,Total,_T,Total,_Z,Not applicable,2016,,21.185,,A,Normal value,0,Units,1,One,_Z,Not applicable,,
DATAFLOW,OECD.ELS.SPD:DSD_SOCX_AGG@DF_SOCX_AGG(1.0),Social expenditure aggregates,I,POL,Poland,A,Annual,SOCX,Social expenditure,PT_B1GQ,Percentage of GDP,ES10,Public,_T,Total,_T,Total,_Z,Not applicable,2017,,20.786,,A,Normal value,0,Units,1,One,_Z,Not applicable,,
DATAFLOW,OECD.ELS.SPD:DSD_SOCX_AGG@DF_SOCX_AGG(1.0),Social expenditure aggregates,I,POL,Poland,A,Annual,SOCX,Social expenditure,PT_B1GQ,Percentage of GDP,ES10,Public,_T,Total,_T,Total,_Z,Not applicable,2018,,20.509,,A,Normal value,0,Units,1,One,_Z,Not applicable,,
DATAFLOW,OECD.ELS.SPD:DSD_SOCX_AGG@DF_SOCX_AGG(1.0),Social expenditure aggregates,I,POL,Poland,A,Annual,SOCX,Social expenditure,PT_B1GQ,Percentage of GDP,ES10,Public,_T,Total,_T,Total,_Z,Not applicable,2019,,21.186,,A,Normal value,0,Units,1,One,_Z,Not applicable,,
DATAFLOW,OECD.ELS.SPD:DSD_SOCX_AGG@DF_SOCX_AGG(1.0),Social expenditure aggregates,I,POL,Poland,A,Annual,SOCX,Social expenditure,PT_B1GQ,Percentage of GDP,ES10,Public,_T,Total,_T,Total,_Z,Not applicable,2020,,23.226,,A,Normal value,0,Units,1,One,_Z,Not applicable,,
DATAFLOW,OECD.ELS.SPD:DSD_SOCX_AGG@DF_SOCX_AGG(1.0),Social expenditure aggregates,I,CAN,Canada,A,Annual,SOCX,Social expenditure,PT_B1GQ,Percentage of GDP,ES10,Public,_T,Total,_T,Total,_Z,Not applicable,2015,,17.934,,A,Normal value,0,Units,1,One,_Z,Not applicable,,
DATAFLOW,OECD.ELS.SPD:DSD_SOCX_AGG@DF_SOCX_AGG(1.0),Social expenditure aggregates,I,CAN,Canada,A,Annual,SOCX,Social expenditure,PT_B1GQ,Percentage of GDP,ES10,Public,_T,Total,_T,Total,_Z,Not applicable,2016,,18.296,,A,Normal value,0,Units,1,One,_Z,Not applicable,,
DATAFLOW,OECD.ELS.SPD:DSD_SOCX_AGG@DF_SOCX_AGG(1.0),Social expenditure aggregates,I,CAN,Canada,A,Annual,SOCX,Social expenditure,PT_B1GQ,Percentage of GDP,ES10,Public,_T,Total,_T,Total,_Z,Not applicable,2017,,18.029,,A,Normal value,0,Units,1,One,_Z,Not applicable,,
DATAFLOW,OECD.ELS.SPD:DSD_SOCX_AGG@DF_SOCX_AGG(1.0),Social expenditure aggregates,I,CAN,Canada,A,Annual,SOCX,Social expenditure,PT_B1GQ,Percentage of GDP,ES10,Public,_T,Total,_T,Total,_Z,Not applicable,2018,,18.004,,A,Normal value,0,Units,1,One,_Z,Not applicable,,
DATAFLOW,OECD.ELS.SPD:DSD_SOCX_AGG@DF_SOCX_AGG(1.0),Social expenditure aggregates,I,CAN,Canada,A,Annual,SOCX,Social expenditure,PT_B1GQ,Percentage of GDP,ES10,Public,_T,Total,_T,Total,_Z,Not applicable,2019,,18.784,,A,Normal value,0,Units,1,One,_Z,Not applicable,,
DATAFLOW,OECD.ELS.SPD:DSD_SOCX_AGG@DF_SOCX_AGG(1.0),Social expenditure aggregates,I,CAN,Canada,A,Annual,SOCX,Social expenditure,PT_B1GQ,Percentage of GDP,ES10,Public,_T,Total,_T,Total,_Z,Not applicable,2020,,24.911,,A,Normal value,0,Units,1,One,_Z,Not applicable,,
DATAFLOW,OECD.ELS.SPD:DSD_SOCX_AGG@DF_SOCX_AGG(1.0),Social expenditure aggregates,I,USA,United States,A,Annual,SOCX,Social expenditure,PT_B1GQ,Percentage of GDP,ES10,Public,_T,Total,_T,Total,_Z,Not applicable,2015,,18.537,,A,Normal value,0,Units,1,One,_Z,Not applicable,,
DATAFLOW,OECD.ELS.SPD:DSD_SOCX_AGG@DF_SOCX_AGG(1.0),Social expenditure aggregates,I,USA,United States,A,Annual,SOCX,Social expenditure,PT_B1GQ,Percentage of GDP,ES10,Public,_T,Total,_T,Total,_Z,Not applicable,2016,,18.658,,A,Normal value,0,Units,1,One,_Z,Not applicable,,
DATAFLOW,OECD.ELS.SPD:DSD_SOCX_AGG@DF_SOCX_AGG(1.0),Social expenditure aggregates,I,USA,United States,A,Annual,SOCX,Social expenditure,PT_B1GQ,Percentage of GDP,ES10,Public,_T,Total,_T,Total,_Z,Not applicable,2017,,18.474,,A,Normal value,0,Units,1,One,_Z,Not applicable,,
DATAFLOW,OECD.ELS.SPD:DSD_SOCX_AGG@DF_SOCX_AGG(1.0),Social expenditure aggregates,I,USA,United States,A,Annual,SOCX,Social expenditure,PT_B1GQ,Percentage of GDP,ES10,Public,_T,Total,_T,Total,_Z,Not applicable,2018,,18.235,,A,Normal value,0,Units,1,One,_Z,Not applicable,,
DATAFLOW,OECD.ELS.SPD:DSD_SOCX_AGG@DF_SOCX_AGG(1.0),Social expenditure aggregates,I,USA,United States,A,Annual,SOCX,Social expenditure,PT_B1GQ,Percentage of GDP,ES10,Public,_T,Total,_T,Total,_Z,Not applicable,2019,,18.262,,A,Normal value,0,Units,1,One,_Z,Not applicable,,
DATAFLOW,OECD.ELS.SPD:DSD_SOCX_AGG@DF_SOCX_AGG(1.0),Social expenditure aggregates,I,USA,United States,A,Annual,SOCX,Social expenditure,PT_B1GQ,Percentage of GDP,ES10,Public,_T,Total,_T,Total,_Z,Not applicable,2020,,23.942,,A,Normal value,0,Units,1,One,_Z,Not applicable,,
DATAFLOW,OECD.ELS.SPD:DSD_SOCX_AGG@DF_SOCX_AGG(1.0),Social expenditure aggregates,I,MEX,Mexico,A,Annual,SOCX,Social expenditure,PT_B1GQ,Percentage of GDP,ES10,Public,_T,Total,_T,Total,_Z,Not applicable,2015,,7.658,,A,Normal value,0,Units,1,One,_Z,Not applicable,,
DATAFLOW,OECD.ELS.SPD:DSD_SOCX_AGG@DF_SOCX_AGG(1.0),Social expenditure aggregates,I,MEX,Mexico,A,Annual,SOCX,Social expenditure,PT_B1GQ,Percentage of GDP,ES10,Public,_T,Total,_T,Total,_Z,Not applicable,2016,,7.487,,A,Normal value,0,Units,1,One,_Z,Not applicable,,
DATAFLOW,OECD.ELS.SPD:DSD_SOCX_AGG@DF_SOCX_AGG(1.0),Social expenditure aggregates,I,MEX,Mexico,A,Annual,SOCX,Social expenditure,PT_B1GQ,Percentage of GDP,ES10,Public,_T,Total,_T,Total,_Z,Not applicable,2017,,7.407,,A,Normal value,0,Units,1,One,_Z,Not applicable,,
DATAFLOW,OECD.ELS.SPD:DSD_SOCX_AGG@DF_SOCX_AGG(1.0),Social expenditure aggregates,I,MEX,Mexico,A,Annual,SOCX,Social expenditure,PT_B1GQ,Percentage of GDP,ES10,Public,_T,Total,_T,Total,_Z,Not applicable,2018,,7.105,,A,Normal value,0,Units,1,One,_Z,Not applicable,,
DATAFLOW,OECD.ELS.SPD:DSD_SOCX_AGG@DF_SOCX_AGG(1.0),Social expenditure aggregates,I,MEX,Mexico,A,Annual,SOCX,Social expenditure,PT_B1GQ,Percentage of GDP,ES10,Public,_T,Total,_T,Total,_Z,Not applicable,2019,,7.355,,A,Normal value,0,Units,1,One,_Z,Not applicable,,
DATAFLOW,OECD.ELS.SPD:DSD_SOCX_AGG@DF_SOCX_AGG(1.0),Social expenditure aggregates,I,TUR,Türkiye,A,Annual,SOCX,Social expenditure,PT_B1GQ,Percentage of GDP,ES10,Public,_T,Total,_T,Total,_Z,Not applicable,2015,,11.488,,A,Normal value,0,Units,1,One,_Z,Not applicable,,
DATAFLOW,OECD.ELS.SPD:DSD_SOCX_AGG@DF_SOCX_AGG(1.0),Social expenditure aggregates,I,TUR,Türkiye,A,Annual,SOCX,Social expenditure,PT_B1GQ,Percentage of GDP,ES10,Public,_T,Total,_T,Total,_Z,Not applicable,2016,,12.534,,A,Normal value,0,Units,1,One,_Z,Not applicable,,
DATAFLOW,OECD.ELS.SPD:DSD_SOCX_AGG@DF_SOCX_AGG(1.0),Social expenditure aggregates,I,TUR,Türkiye,A,Annual,SOCX,Social expenditure,PT_B1GQ,Percentage of GDP,ES10,Public,_T,Total,_T,Total,_Z,Not applicable,2017,,11.999,,A,Normal value,0,Units,1,One,_Z,Not applicable,,
DATAFLOW,OECD.ELS.SPD:DSD_SOCX_AGG@DF_SOCX_AGG(1.0),Social expenditure aggregates,I,TUR,Türkiye,A,Annual,SOCX,Social expenditure,PT_B1GQ,Percentage of GDP,ES10,Public,_T,Total,_T,Total,_Z,Not applicable,2018,,11.767,,A,Normal value,0,Units,1,One,_Z,Not applicable,,
DATAFLOW,OECD.ELS.SPD:DSD_SOCX_AGG@DF_SOCX_AGG(1.0),Social expenditure aggregates,I,TUR,Türkiye,A,Annual,SOCX,Social expenditure,PT_B1GQ,Percentage of GDP,ES10,Public,_T,Total,_T,Total,_Z,Not applicable,2019,,12.429,,A,Normal value,0,Units,1,One,_Z,Not applicable,,
DATAFLOW,OECD.ELS.SPD:DSD_SOCX_AGG@DF_SOCX_AGG(1.0),Social expenditure aggregates,I,CZE,Czechia,A,Annual,SOCX,Social expenditure,PT_B1GQ,Percentage of GDP,ES10,Public,_T,Total,_T,Total,_Z,Not applicable,2015,,19.257,,A,Normal value,0,Units,1,One,_Z,Not applicable,,
DATAFLOW,OECD.ELS.SPD:DSD_SOCX_AGG@DF_SOCX_AGG(1.0),Social expenditure aggregates,I,CZE,Czechia,A,Annual,SOCX,Social expenditure,PT_B1GQ,Percentage of GDP,ES10,Public,_T,Total,_T,Total,_Z,Not applicable,2016,,18.864,,A,Normal value,0,Units,1,One,_Z,Not applicable,,
DATAFLOW,OECD.ELS.SPD:DSD_SOCX_AGG@DF_SOCX_AGG(1.0),Social expenditure aggregates,I,CZE,Czechia,A,Annual,SOCX,Social expenditure,PT_B1GQ,Percentage of GDP,ES10,Public,_T,Total,_T,Total,_Z,Not applicable,2017,,18.922,,A,Normal value,0,Units,1,One,_Z,Not applicable,,
DATAFLOW,OECD.ELS.SPD:DSD_SOCX_AGG@DF_SOCX_AGG(1.0),Social expenditure aggregates,I,CZE,Czechia,A,Annual,SOCX,Social expenditure,PT_B1GQ,Percentage of GDP,ES10,Public,_T,Total,_T,Total,_Z,Not applicable,2018,,19.095,,A,Normal value,0,Units,1,One,_Z,Not applicable,,
DATAFLOW,OECD.ELS.SPD:DSD_SOCX_AGG@DF_SOCX_AGG(1.0),Social expenditure aggregates,I,CZE,Czechia,A,Annual,SOCX,Social expenditure,PT_B1GQ,Percentage of GDP,ES10,Public,_T,Total,_T,Total,_Z,Not applicable,2019,,19.459,,A,Normal value,0,Units,1,One,_Z,Not applicable,,
DATAFLOW,OECD.ELS.SPD:DSD_SOCX_AGG@DF_SOCX_AGG(1.0),Social expenditure aggregates,I,CZE,Czechia,A,Annual,SOCX,Social expenditure,PT_B1GQ,Percentage of GDP,ES10,Public,_T,Total,_T,Total,_Z,Not applicable,2020,,22.619,,A,Normal value,0,Units,1,One,_Z,Not applicable,,
DATAFLOW,OECD.ELS.SPD:DSD_SOCX_AGG@DF_SOCX_AGG(1.0),Social expenditure aggregates,I,LVA,Latvia,A,Annual,SOCX,Social expenditure,PT_B1GQ,Percentage of GDP,ES10,Public,_T,Total,_T,Total,_Z,Not applicable,2015,,15.712,,A,Normal value,0,Units,1,One,_Z,Not applicable,,
DATAFLOW,OECD.ELS.SPD:DSD_SOCX_AGG@DF_SOCX_AGG(1.0),Social expenditure aggregates,I,LVA,Latvia,A,Annual,SOCX,Social expenditure,PT_B1GQ,Percentage of GDP,ES10,Public,_T,Total,_T,Total,_Z,Not applicable,2016,,15.973,,A,Normal value,0,Units,1,One,_Z,Not applicable,,
DATAFLOW,OECD.ELS.SPD:DSD_SOCX_AGG@DF_SOCX_AGG(1.0),Social expenditure aggregates,I,LVA,Latvia,A,Annual,SOCX,Social expenditure,PT_B1GQ,Percentage of GDP,ES10,Public,_T,Total,_T,Total,_Z,Not applicable,2017,,15.812,,A,Normal value,0,Units,1,One,_Z,Not applicable,,
DATAFLOW,OECD.ELS.SPD:DSD_SOCX_AGG@DF_SOCX_AGG(1.0),Social expenditure aggregates,I,LVA,Latvia,A,Annual,SOCX,Social expenditure,PT_B1GQ,Percentage of GDP,ES10,Public,_T,Total,_T,Total,_Z,Not applicable,2018,,16.142,,A,Normal value,0,Units,1,One,_Z,Not applicable,,
DATAFLOW,OECD.ELS.SPD:DSD_SOCX_AGG@DF_SOCX_AGG(1.0),Social expenditure aggregates,I,LVA,Latvia,A,Annual,SOCX,Social expenditure,PT_B1GQ,Percentage of GDP,ES10,Public,_T,Total,_T,Total,_Z,Not applicable,2019,,16.523,,A,Normal value,0,Units,1,One,_Z,Not applicable,,
DATAFLOW,OECD.ELS.SPD:DSD_SOCX_AGG@DF_SOCX_AGG(1.0),Social expenditure aggregates,I,LVA,Latvia,A,Annual,SOCX,Social expenditure,PT_B1GQ,Percentage of GDP,ES10,Public,_T,Total,_T,Total,_Z,Not applicable,2020,,18.472,,A,Normal value,0,Units,1,One,_Z,Not applicable,,
DATAFLOW,OECD.ELS.SPD:DSD_SOCX_AGG@DF_SOCX_AGG(1.0),Social expenditure aggregates,I,AUS,Australia,A,Annual,SOCX,Social expenditure,PT_B1GQ,Percentage of GDP,ES10,Public,_T,Total,_T,Total,_Z,Not applicable,2015,,18.207,,A,Normal value,0,Units,1,One,_Z,Not applicable,,
DATAFLOW,OECD.ELS.SPD:DSD_SOCX_AGG@DF_SOCX_AGG(1.0),Social expenditure aggregates,I,AUS,Australia,A,Annual,SOCX,Social expenditure,PT_B1GQ,Percentage of GDP,ES10,Public,_T,Total,_T,Total,_Z,Not applicable,2016,,17.476,,A,Normal value,0,Units,1,One,_Z,Not applicable,,
DATAFLOW,OECD.ELS.SPD:DSD_SOCX_AGG@DF_SOCX_AGG(1.0),Social expenditure aggregates,I,AUS,Australia,A,Annual,SOCX,Social expenditure,PT_B1GQ,Percentage of GDP,ES10,Public,_T,Total,_T,Total,_Z,Not applicable,2017,,17.077,,A,Normal value,0,Units,1,One,_Z,Not applicable,,
DATAFLOW,OECD.ELS.SPD:DSD_SOCX_AGG@DF_SOCX_AGG(1.0),Social expenditure aggregates,I,AUS,Australia,A,Annual,SOCX,Social expenditure,PT_B1GQ,Percentage of GDP,ES10,Public,_T,Total,_T,Total,_Z,Not applicable,2018,,16.638,,A,Normal value,0,Units,1,One,_Z,Not applicable,,
DATAFLOW,OECD.ELS.SPD:DSD_SOCX_AGG@DF_SOCX_AGG(1.0),Social expenditure aggregates,I,AUS,Australia,A,Annual,SOCX,Social expenditure,PT_B1GQ,Percentage of GDP,ES10,Public,_T,Total,_T,Total,_Z,Not applicable,2019,,20.451,,A,Normal value,0,Units,1,One,_Z,Not applicable,,
DATAFLOW,OECD.ELS.SPD:DSD_SOCX_AGG@DF_SOCX_AGG(1.0),Social expenditure aggregates,I,OECD,OECD,A,Annual,SOCX,Social expenditure,PT_B1GQ,Percentage of GDP,ES10,Public,_T,Total,_T,Total,_Z,Not applicable,2015,,20.073,,A,Normal value,0,Units,1,One,_Z,Not applicable,,
DATAFLOW,OECD.ELS.SPD:DSD_SOCX_AGG@DF_SOCX_AGG(1.0),Social expenditure aggregates,I,OECD,OECD,A,Annual,SOCX,Social expenditure,PT_B1GQ,Percentage of GDP,ES10,Public,_T,Total,_T,Total,_Z,Not applicable,2016,,20.053,,A,Normal value,0,Units,1,One,_Z,Not applicable,,
DATAFLOW,OECD.ELS.SPD:DSD_SOCX_AGG@DF_SOCX_AGG(1.0),Social expenditure aggregates,I,OECD,OECD,A,Annual,SOCX,Social expenditure,PT_B1GQ,Percentage of GDP,ES10,Public,_T,Total,_T,Total,_Z,Not applicable,2017,,19.771,,A,Normal value,0,Units,1,One,_Z,Not applicable,,
DATAFLOW,OECD.ELS.SPD:DSD_SOCX_AGG@DF_SOCX_AGG(1.0),Social expenditure aggregates,I,OECD,OECD,A,Annual,SOCX,Social expenditure,PT_B1GQ,Percentage of GDP,ES10,Public,_T,Total,_T,Total,_Z,Not applicable,2018,,19.682,,A,Normal value,0,Units,1,One,_Z,Not applicable,,
DATAFLOW,OECD.ELS.SPD:DSD_SOCX_AGG@DF_SOCX_AGG(1.0),Social expenditure aggregates,I,OECD,OECD,A,Annual,SOCX,Social expenditure,PT_B1GQ,Percentage of GDP,ES10,Public,_T,Total,_T,Total,_Z,Not applicable,2019,,20.101,,A,Normal value,0,Units,1,One,_Z,Not applicable,,
DATAFLOW,OECD.ELS.SPD:DSD_SOCX_AGG@DF_SOCX_AGG(1.0),Social expenditure aggregates,I,OECD,OECD,A,Annual,SOCX,Social expenditure,PT_B1GQ,Percentage of GDP,ES10,Public,_T,Total,_T,Total,_Z,Not applicable,2020,,22.961,,A,Normal value,0,Units,1,One,_Z,Not applicable,,
DATAFLOW,OECD.ELS.SPD:DSD_SOCX_AGG@DF_SOCX_AGG(1.0),Social expenditure aggregates,I,ISR,Israel,A,Annual,SOCX,Social expenditure,PT_B1GQ,Percentage of GDP,ES10,Public,_T,Total,_T,Total,_Z,Not applicable,2015,,15.3,,A,Normal value,0,Units,1,One,_Z,Not applicable,,
DATAFLOW,OECD.ELS.SPD:DSD_SOCX_AGG@DF_SOCX_AGG(1.0),Social expenditure aggregates,I,ISR,Israel,A,Annual,SOCX,Social expenditure,PT_B1GQ,Percentage of GDP,ES10,Public,_T,Total,_T,Total,_Z,Not applicable,2016,,15.303,,A,Normal value,0,Units,1,One,_Z,Not applicable,,
DATAFLOW,OECD.ELS.SPD:DSD_SOCX_AGG@DF_SOCX_AGG(1.0),Social expenditure aggregates,I,ISR,Israel,A,Annual,SOCX,Social expenditure,PT_B1GQ,Percentage of GDP,ES10,Public,_T,Total,_T,Total,_Z,Not applicable,2017,,15.929,,A,Normal value,0,Units,1,One,_Z,Not applicable,,
DATAFLOW,OECD.ELS.SPD:DSD_SOCX_AGG@DF_SOCX_AGG(1.0),Social expenditure aggregates,I,ISR,Israel,A,Annual,SOCX,Social expenditure,PT_B1GQ,Percentage of GDP,ES10,Public,_T,Total,_T,Total,_Z,Not applicable,2018,,15.962,,A,Normal value,0,Units,1,One,_Z,Not applicable,,
DATAFLOW,OECD.ELS.SPD:DSD_SOCX_AGG@DF_SOCX_AGG(1.0),Social expenditure aggregates,I,ISR,Israel,A,Annual,SOCX,Social expenditure,PT_B1GQ,Percentage of GDP,ES10,Public,_T,Total,_T,Total,_Z,Not applicable,2019,,16.128,,A,Normal value,0,Units,1,One,_Z,Not applicable,,
DATAFLOW,OECD.ELS.SPD:DSD_SOCX_AGG@DF_SOCX_AGG(1.0),Social expenditure aggregates,I,ISR,Israel,A,Annual,SOCX,Social expenditure,PT_B1GQ,Percentage of GDP,ES10,Public,_T,Total,_T,Total,_Z,Not applicable,2020,,20.061,,A,Normal value,0,Units,1,One,_Z,Not applicable,,
DATAFLOW,OECD.ELS.SPD:DSD_SOCX_AGG@DF_SOCX_AGG(1.0),Social expenditure aggregates,I,SVN,Slovenia,A,Annual,SOCX,Social expenditure,PT_B1GQ,Percentage of GDP,ES10,Public,_T,Total,_T,Total,_Z,Not applicable,2015,,22.65,,A,Normal value,0,Units,1,One,_Z,Not applicable,,
DATAFLOW,OECD.ELS.SPD:DSD_SOCX_AGG@DF_SOCX_AGG(1.0),Social expenditure aggregates,I,SVN,Slovenia,A,Annual,SOCX,Social expenditure,PT_B1GQ,Percentage of GDP,ES10,Public,_T,Total,_T,Total,_Z,Not applicable,2016,,22.246,,A,Normal value,0,Units,1,One,_Z,Not applicable,,
DATAFLOW,OECD.ELS.SPD:DSD_SOCX_AGG@DF_SOCX_AGG(1.0),Social expenditure aggregates,I,SVN,Slovenia,A,Annual,SOCX,Social expenditure,PT_B1GQ,Percentage of GDP,ES10,Public,_T,Total,_T,Total,_Z,Not applicable,2017,,21.485,,A,Normal value,0,Units,1,One,_Z,Not applicable,,
DATAFLOW,OECD.ELS.SPD:DSD_SOCX_AGG@DF_SOCX_AGG(1.0),Social expenditure aggregates,I,SVN,Slovenia,A,Annual,SOCX,Social expenditure,PT_B1GQ,Percentage of GDP,ES10,Public,_T,Total,_T,Total,_Z,Not applicable,2018,,21.325,,A,Normal value,0,Units,1,One,_Z,Not applicable,,
DATAFLOW,OECD.ELS.SPD:DSD_SOCX_AGG@DF_SOCX_AGG(1.0),Social expenditure aggregates,I,SVN,Slovenia,A,Annual,SOCX,Social expenditure,PT_B1GQ,Percentage of GDP,ES10,Public,_T,Total,_T,Total,_Z,Not applicable,2019,,21.472,,A,Normal value,0,Units,1,One,_Z,Not applicable,,
DATAFLOW,OECD.ELS.SPD:DSD_SOCX_AGG@DF_SOCX_AGG(1.0),Social expenditure aggregates,I,SVN,Slovenia,A,Annual,SOCX,Social expenditure,PT_B1GQ,Percentage of GDP,ES10,Public,_T,Total,_T,Total,_Z,Not applicable,2020,,24.467,,A,Normal value,0,Units,1,One,_Z,Not applicable,,
DATAFLOW,OECD.ELS.SPD:DSD_SOCX_AGG@DF_SOCX_AGG(1.0),Social expenditure aggregates,I,HUN,Hungary,A,Annual,SOCX,Social expenditure,PT_B1GQ,Percentage of GDP,ES10,Public,_T,Total,_T,Total,_Z,Not applicable,2015,,20.349,,A,Normal value,0,Units,1,One,_Z,Not applicable,,
DATAFLOW,OECD.ELS.SPD:DSD_SOCX_AGG@DF_SOCX_AGG(1.0),Social expenditure aggregates,I,HUN,Hungary,A,Annual,SOCX,Social expenditure,PT_B1GQ,Percentage of GDP,ES10,Public,_T,Total,_T,Total,_Z,Not applicable,2016,,20.17,,A,Normal value,0,Units,1,One,_Z,Not applicable,,
DATAFLOW,OECD.ELS.SPD:DSD_SOCX_AGG@DF_SOCX_AGG(1.0),Social expenditure aggregates,I,HUN,Hungary,A,Annual,SOCX,Social expenditure,PT_B1GQ,Percentage of GDP,ES10,Public,_T,Total,_T,Total,_Z,Not applicable,2017,,19.434,,A,Normal value,0,Units,1,One,_Z,Not applicable,,
DATAFLOW,OECD.ELS.SPD:DSD_SOCX_AGG@DF_SOCX_AGG(1.0),Social expenditure aggregates,I,HUN,Hungary,A,Annual,SOCX,Social expenditure,PT_B1GQ,Percentage of GDP,ES10,Public,_T,Total,_T,Total,_Z,Not applicable,2018,,18.616,,A,Normal value,0,Units,1,One,_Z,Not applicable,,
DATAFLOW,OECD.ELS.SPD:DSD_SOCX_AGG@DF_SOCX_AGG(1.0),Social expenditure aggregates,I,HUN,Hungary,A,Annual,SOCX,Social expenditure,PT_B1GQ,Percentage of GDP,ES10,Public,_T,Total,_T,Total,_Z,Not applicable,2019,,17.636,,A,Normal value,0,Units,1,One,_Z,Not applicable,,
DATAFLOW,OECD.ELS.SPD:DSD_SOCX_AGG@DF_SOCX_AGG(1.0),Social expenditure aggregates,I,HUN,Hungary,A,Annual,SOCX,Social expenditure,PT_B1GQ,Percentage of GDP,ES10,Public,_T,Total,_T,Total,_Z,Not applicable,2020,,18.546,,A,Normal value,0,Units,1,One,_Z,Not applicable,,
DATAFLOW,OECD.ELS.SPD:DSD_SOCX_AGG@DF_SOCX_AGG(1.0),Social expenditure aggregates,I,NLD,Netherlands,A,Annual,SOCX,Social expenditure,PT_B1GQ,Percentage of GDP,ES10,Public,_T,Total,_T,Total,_Z,Not applicable,2015,,17.596,,A,Normal value,0,Units,1,One,_Z,Not applicable,,
DATAFLOW,OECD.ELS.SPD:DSD_SOCX_AGG@DF_SOCX_AGG(1.0),Social expenditure aggregates,I,NLD,Netherlands,A,Annual,SOCX,Social expenditure,PT_B1GQ,Percentage of GDP,ES10,Public,_T,Total,_T,Total,_Z,Not applicable,2016,,17.468,,A,Normal value,0,Units,1,One,_Z,Not applicable,,
DATAFLOW,OECD.ELS.SPD:DSD_SOCX_AGG@DF_SOCX_AGG(1.0),Social expenditure aggregates,I,NLD,Netherlands,A,Annual,SOCX,Social expenditure,PT_B1GQ,Percentage of GDP,ES10,Public,_T,Total,_T,Total,_Z,Not applicable,2017,,16.649,,A,Normal value,0,Units,1,One,_Z,Not applicable,,
DATAFLOW,OECD.ELS.SPD:DSD_SOCX_AGG@DF_SOCX_AGG(1.0),Social expenditure aggregates,I,NLD,Netherlands,A,Annual,SOCX,Social expenditure,PT_B1GQ,Percentage of GDP,ES10,Public,_T,Total,_T,Total,_Z,Not applicable,2018,,16.318,,A,Normal value,0,Units,1,One,_Z,Not applicable,,
DATAFLOW,OECD.ELS.SPD:DSD_SOCX_AGG@DF_SOCX_AGG(1.0),Social expenditure aggregates,I,NLD,Netherlands,A,Annual,SOCX,Social expenditure,PT_B1GQ,Percentage of GDP,ES10,Public,_T,Total,_T,Total,_Z,Not applicable,2019,,16.321,,A,Normal value,0,Units,1,One,_Z,Not applicable,,
DATAFLOW,OECD.ELS.SPD:DSD_SOCX_AGG@DF_SOCX_AGG(1.0),Social expenditure aggregates,I,NLD,Netherlands,A,Annual,SOCX,Social expenditure,PT_B1GQ,Percentage of GDP,ES10,Public,_T,Total,_T,Total,_Z,Not applicable,2020,,18.921,,A,Normal value,0,Units,1,One,_Z,Not applicable,,
DATAFLOW,OECD.ELS.SPD:DSD_SOCX_AGG@DF_SOCX_AGG(1.0),Social expenditure aggregates,I,CHL,Chile,A,Annual,SOCX,Social expenditure,PT_B1GQ,Percentage of GDP,ES10,Public,_T,Total,_T,Total,_Z,Not applicable,2015,,10.963,,A,Normal value,0,Units,1,One,_Z,Not applicable,,
DATAFLOW,OECD.ELS.SPD:DSD_SOCX_AGG@DF_SOCX_AGG(1.0),Social expenditure aggregates,I,CHL,Chile,A,Annual,SOCX,Social expenditure,PT_B1GQ,Percentage of GDP,ES10,Public,_T,Total,_T,Total,_Z,Not applicable,2016,,11.19,,A,Normal value,0,Units,1,One,_Z,Not applicable,,
DATAFLOW,OECD.ELS.SPD:DSD_SOCX_AGG@DF_SOCX_AGG(1.0),Social expenditure aggregates,I,CHL,Chile,A,Annual,SOCX,Social expenditure,PT_B1GQ,Percentage of GDP,ES10,Public,_T,Total,_T,Total,_Z,Not applicable,2017,,11.478,,A,Normal value,0,Units,1,One,_Z,Not applicable,,
DATAFLOW,OECD.ELS.SPD:DSD_SOCX_AGG@DF_SOCX_AGG(1.0),Social expenditure aggregates,I,CHL,Chile,A,Annual,SOCX,Social expenditure,PT_B1GQ,Percentage of GDP,ES10,Public,_T,Total,_T,Total,_Z,Not applicable,2018,,11.454,,A,Normal value,0,Units,1,One,_Z,Not applicable,,
DATAFLOW,OECD.ELS.SPD:DSD_SOCX_AGG@DF_SOCX_AGG(1.0),Social expenditure aggregates,I,CHL,Chile,A,Annual,SOCX,Social expenditure,PT_B1GQ,Percentage of GDP,ES10,Public,_T,Total,_T,Total,_Z,Not applicable,2019,,11.706,,A,Normal value,0,Units,1,One,_Z,Not applicable,,
DATAFLOW,OECD.ELS.SPD:DSD_SOCX_AGG@DF_SOCX_AGG(1.0),Social expenditure aggregates,I,CHL,Chile,A,Annual,SOCX,Social expenditure,PT_B1GQ,Percentage of GDP,ES10,Public,_T,Total,_T,Total,_Z,Not applicable,2020,,15.061,,A,Normal value,0,Units,1,One,_Z,Not applicable,,
DATAFLOW,OECD.ELS.SPD:DSD_SOCX_AGG@DF_SOCX_AGG(1.0),Social expenditure aggregates,I,ESP,Spain,A,Annual,SOCX,Social expenditure,PT_B1GQ,Percentage of GDP,ES10,Public,_T,Total,_T,Total,_Z,Not applicable,2015,,24.707,,A,Normal value,0,Units,1,One,_Z,Not applicable,,
DATAFLOW,OECD.ELS.SPD:DSD_SOCX_AGG@DF_SOCX_AGG(1.0),Social expenditure aggregates,I,ESP,Spain,A,Annual,SOCX,Social expenditure,PT_B1GQ,Percentage of GDP,ES10,Public,_T,Total,_T,Total,_Z,Not applicable,2016,,24.245,,A,Normal value,0,Units,1,One,_Z,Not applicable,,
DATAFLOW,OECD.ELS.SPD:DSD_SOCX_AGG@DF_SOCX_AGG(1.0),Social expenditure aggregates,I,ESP,Spain,A,Annual,SOCX,Social expenditure,PT_B1GQ,Percentage of GDP,ES10,Public,_T,Total,_T,Total,_Z,Not applicable,2017,,23.927,,A,Normal value,0,Units,1,One,_Z,Not applicable,,
DATAFLOW,OECD.ELS.SPD:DSD_SOCX_AGG@DF_SOCX_AGG(1.0),Social expenditure aggregates,I,ESP,Spain,A,Annual,SOCX,Social expenditure,PT_B1GQ,Percentage of GDP,ES10,Public,_T,Total,_T,Total,_Z,Not applicable,2018,,24.034,,A,Normal value,0,Units,1,One,_Z,Not applicable,,
DATAFLOW,OECD.ELS.SPD:DSD_SOCX_AGG@DF_SOCX_AGG(1.0),Social expenditure aggregates,I,ESP,Spain,A,Annual,SOCX,Social expenditure,PT_B1GQ,Percentage of GDP,ES10,Public,_T,Total,_T,Total,_Z,Not applicable,2019,,24.647,,A,Normal value,0,Units,1,One,_Z,Not applicable,,
DATAFLOW,OECD.ELS.SPD:DSD_SOCX_AGG@DF_SOCX_AGG(1.0),Social expenditure aggregates,I,ESP,Spain,A,Annual,SOCX,Social expenditure,PT_B1GQ,Percentage of GDP,ES10,Public,_T,Total,_T,Total,_Z,Not applicable,2020,,31.184,,A,Normal value,0,Units,1,One,_Z,Not applicable,,
DATAFLOW,OECD.ELS.SPD:DSD_SOCX_AGG@DF_SOCX_AGG(1.0),Social expenditure aggregates,I,KOR,Korea,A,Annual,SOCX,Social expenditure,PT_B1GQ,Percentage of GDP,ES10,Public,_T,Total,_T,Total,_Z,Not applicable,2015,,9.636,,A,Normal value,0,Units,1,One,_Z,Not applicable,,
DATAFLOW,OECD.ELS.SPD:DSD_SOCX_AGG@DF_SOCX_AGG(1.0),Social expenditure aggregates,I,KOR,Korea,A,Annual,SOCX,Social expenditure,PT_B1GQ,Percentage of GDP,ES10,Public,_T,Total,_T,Total,_Z,Not applicable,2016,,9.87,,A,Normal value,0,Units,1,One,_Z,Not applicable,,
DATAFLOW,OECD.ELS.SPD:DSD_SOCX_AGG@DF_SOCX_AGG(1.0),Social expenditure aggregates,I,KOR,Korea,A,Annual,SOCX,Social expenditure,PT_B1GQ,Percentage of GDP,ES10,Public,_T,Total,_T,Total,_Z,Not applicable,2017,,10.107,,A,Normal value,0,Units,1,One,_Z,Not applicable,,
DATAFLOW,OECD.ELS.SPD:DSD_SOCX_AGG@DF_SOCX_AGG(1.0),Social expenditure aggregates,I,KOR,Korea,A,Annual,SOCX,Social expenditure,PT_B1GQ,Percentage of GDP,ES10,Public,_T,Total,_T,Total,_Z,Not applicable,2018,,10.895,,A,Normal value,0,Units,1,One,_Z,Not applicable,,
DATAFLOW,OECD.ELS.SPD:DSD_SOCX_AGG@DF_SOCX_AGG(1.0),Social expenditure aggregates,I,KOR,Korea,A,Annual,SOCX,Social expenditure,PT_B1GQ,Percentage of GDP,ES10,Public,_T,Total,_T,Total,_Z,Not applicable,2019,,12.259,,A,Normal value,0,Units,1,One,_Z,Not applicable,,
DATAFLOW,OECD.ELS.SPD:DSD_SOCX_AGG@DF_SOCX_AGG(1.0),Social expenditure aggregates,I,KOR,Korea,A,Annual,SOCX,Social expenditure,PT_B1GQ,Percentage of GDP,ES10,Public,_T,Total,_T,Total,_Z,Not applicable,2020,,14.393,,A,Normal value,0,Units,1,One,_Z,Not applicable,,
DATAFLOW,OECD.ELS.SPD:DSD_SOCX_AGG@DF_SOCX_AGG(1.0),Social expenditure aggregates,I,CHE,Switzerland,A,Annual,SOCX,Social expenditure,PT_B1GQ,Percentage of GDP,ES10,Public,_T,Total,_T,Total,_Z,Not applicable,2015,,16.08,,A,Normal value,0,Units,1,One,_Z,Not applicable,,
DATAFLOW,OECD.ELS.SPD:DSD_SOCX_AGG@DF_SOCX_AGG(1.0),Social expenditure aggregates,I,CHE,Switzerland,A,Annual,SOCX,Social expenditure,PT_B1GQ,Percentage of GDP,ES10,Public,_T,Total,_T,Total,_Z,Not applicable,2016,,16.237,,A,Normal value,0,Units,1,One,_Z,Not applicable,,
DATAFLOW,OECD.ELS.SPD:DSD_SOCX_AGG@DF_SOCX_AGG(1.0),Social expenditure aggregates,I,CHE,Switzerland,A,Annual,SOCX,Social expenditure,PT_B1GQ,Percentage of GDP,ES10,Public,_T,Total,_T,Total,_Z,Not applicable,2017,,16.435,,A,Normal value,0,Units,1,One,_Z,Not applicable,,
DATAFLOW,OECD.ELS.SPD:DSD_SOCX_AGG@DF_SOCX_AGG(1.0),Social expenditure aggregates,I,CHE,Switzerland,A,Annual,SOCX,Social expenditure,PT_B1GQ,Percentage of GDP,ES10,Public,_T,Total,_T,Total,_Z,Not applicable,2018,,15.969,,A,Normal value,0,Units,1,One,_Z,Not applicable,,
DATAFLOW,OECD.ELS.SPD:DSD_SOCX_AGG@DF_SOCX_AGG(1.0),Social expenditure aggregates,I,CHE,Switzerland,A,Annual,SOCX,Social expenditure,PT_B1GQ,Percentage of GDP,ES10,Public,_T,Total,_T,Total,_Z,Not applicable,2019,,16.145,,A,Normal value,0,Units,1,One,_Z,Not applicable,,
DATAFLOW,OECD.ELS.SPD:DSD_SOCX_AGG@DF_SOCX_AGG(1.0),Social expenditure aggregates,I,CHE,Switzerland,A,Annual,SOCX,Social expenditure,PT_B1GQ,Percentage of GDP,ES10,Public,_T,Total,_T,Total,_Z,Not applicable,2020,,19.315,,A,Normal value,0,Units,1,One,_Z,Not applicable,,
DATAFLOW,OECD.ELS.SPD:DSD_SOCX_AGG@DF_SOCX_AGG(1.0),Social expenditure aggregates,I,FRA,France,A,Annual,SOCX,Social expenditure,PT_B1GQ,Percentage of GDP,ES10,Public,_T,Total,_T,Total,_Z,Not applicable,2015,,31.778,,A,Normal value,0,Units,1,One,_Z,Not applicable,,
DATAFLOW,OECD.ELS.SPD:DSD_SOCX_AGG@DF_SOCX_AGG(1.0),Social expenditure aggregates,I,FRA,France,A,Annual,SOCX,Social expenditure,PT_B1GQ,Percentage of GDP,ES10,Public,_T,Total,_T,Total,_Z,Not applicable,2016,,31.918,,A,Normal value,0,Units,1,One,_Z,Not applicable,,
DATAFLOW,OECD.ELS.SPD:DSD_SOCX_AGG@DF_SOCX_AGG(1.0),Social expenditure aggregates,I,FRA,France,A,Annual,SOCX,Social expenditure,PT_B1GQ,Percentage of GDP,ES10,Public,_T,Total,_T,Total,_Z,Not applicable,2017,,31.446,,A,Normal value,0,Units,1,One,_Z,Not applicable,,
DATAFLOW,OECD.ELS.SPD:DSD_SOCX_AGG@DF_SOCX_AGG(1.0),Social expenditure aggregates,I,FRA,France,A,Annual,SOCX,Social expenditure,PT_B1GQ,Percentage of GDP,ES10,Public,_T,Total,_T,Total,_Z,Not applicable,2018,,30.989,,A,Normal value,0,Units,1,One,_Z,Not applicable,,
DATAFLOW,OECD.ELS.SPD:DSD_SOCX_AGG@DF_SOCX_AGG(1.0),Social expenditure aggregates,I,FRA,France,A,Annual,SOCX,Social expenditure,PT_B1GQ,Percentage of GDP,ES10,Public,_T,Total,_T,Total,_Z,Not applicable,2019,,30.739,,A,Normal value,0,Units,1,One,_Z,Not applicable,,
DATAFLOW,OECD.ELS.SPD:DSD_SOCX_AGG@DF_SOCX_AGG(1.0),Social expenditure aggregates,I,FRA,France,A,Annual,SOCX,Social expenditure,PT_B1GQ,Percentage of GDP,ES10,Public,_T,Total,_T,Total,_Z,Not applicable,2020,,34.876,,A,Normal value,0,Units,1,One,_Z,Not applicable,,
DATAFLOW,OECD.ELS.SPD:DSD_SOCX_AGG@DF_SOCX_AGG(1.0),Social expenditure aggregates,I,EST,Estonia,A,Annual,SOCX,Social expenditure,PT_B1GQ,Percentage of GDP,ES10,Public,_T,Total,_T,Total,_Z,Not applicable,2015,,17.279,,A,Normal value,0,Units,1,One,_Z,Not applicable,,
DATAFLOW,OECD.ELS.SPD:DSD_SOCX_AGG@DF_SOCX_AGG(1.0),Social expenditure aggregates,I,EST,Estonia,A,Annual,SOCX,Social expenditure,PT_B1GQ,Percentage of GDP,ES10,Public,_T,Total,_T,Total,_Z,Not applicable,2016,,17.533,,A,Normal value,0,Units,1,One,_Z,Not applicable,,
DATAFLOW,OECD.ELS.SPD:DSD_SOCX_AGG@DF_SOCX_AGG(1.0),Social expenditure aggregates,I,EST,Estonia,A,Annual,SOCX,Social expenditure,PT_B1GQ,Percentage of GDP,ES10,Public,_T,Total,_T,Total,_Z,Not applicable,2017,,17.028,,A,Normal value,0,Units,1,One,_Z,Not applicable,,
DATAFLOW,OECD.ELS.SPD:DSD_SOCX_AGG@DF_SOCX_AGG(1.0),Social expenditure aggregates,I,EST,Estonia,A,Annual,SOCX,Social expenditure,PT_B1GQ,Percentage of GDP,ES10,Public,_T,Total,_T,Total,_Z,Not applicable,2018,,17.462,,A,Normal value,0,Units,1,One,_Z,Not applicable,,
DATAFLOW,OECD.ELS.SPD:DSD_SOCX_AGG@DF_SOCX_AGG(1.0),Social expenditure aggregates,I,EST,Estonia,A,Annual,SOCX,Social expenditure,PT_B1GQ,Percentage of GDP,ES10,Public,_T,Total,_T,Total,_Z,Not applicable,2019,,17.907,,A,Normal value,0,Units,1,One,_Z,Not applicable,,
DATAFLOW,OECD.ELS.SPD:DSD_SOCX_AGG@DF_SOCX_AGG(1.0),Social expenditure aggregates,I,EST,Estonia,A,Annual,SOCX,Social expenditure,PT_B1GQ,Percentage of GDP,ES10,Public,_T,Total,_T,Total,_Z,Not applicable,2020,,19.82,,A,Normal value,0,Units,1,One,_Z,Not applicable,,
DATAFLOW,OECD.ELS.SPD:DSD_SOCX_AGG@DF_SOCX_AGG(1.0),Social expenditure aggregates,I,GRC,Greece,A,Annual,SOCX,Social expenditure,PT_B1GQ,Percentage of GDP,ES10,Public,_T,Total,_T,Total,_Z,Not applicable,2015,,25.716,,A,Normal value,0,Units,1,One,_Z,Not applicable,,
DATAFLOW,OECD.ELS.SPD:DSD_SOCX_AGG@DF_SOCX_AGG(1.0),Social expenditure aggregates,I,GRC,Greece,A,Annual,SOCX,Social expenditure,PT_B1GQ,Percentage of GDP,ES10,Public,_T,Total,_T,Total,_Z,Not applicable,2016,,26.041,,A,Normal value,0,Units,1,One,_Z,Not applicable,,
DATAFLOW,OECD.ELS.SPD:DSD_SOCX_AGG@DF_SOCX_AGG(1.0),Social expenditure aggregates,I,GRC,Greece,A,Annual,SOCX,Social expenditure,PT_B1GQ,Percentage of GDP,ES10,Public,_T,Total,_T,Total,_Z,Not applicable,2017,,25.188,,A,Normal value,0,Units,1,One,_Z,Not applicable,,
DATAFLOW,OECD.ELS.SPD:DSD_SOCX_AGG@DF_SOCX_AGG(1.0),Social expenditure aggregates,I,GRC,Greece,A,Annual,SOCX,Social expenditure,PT_B1GQ,Percentage of GDP,ES10,Public,_T,Total,_T,Total,_Z,Not applicable,2018,,25.025,,A,Normal value,0,Units,1,One,_Z,Not applicable,,
DATAFLOW,OECD.ELS.SPD:DSD_SOCX_AGG@DF_SOCX_AGG(1.0),Social expenditure aggregates,I,GRC,Greece,A,Annual,SOCX,Social expenditure,PT_B1GQ,Percentage of GDP,ES10,Public,_T,Total,_T,Total,_Z,Not applicable,2019,,25.082,,A,Normal value,0,Units,1,One,_Z,Not applicable,,
DATAFLOW,OECD.ELS.SPD:DSD_SOCX_AGG@DF_SOCX_AGG(1.0),Social expenditure aggregates,I,GRC,Greece,A,Annual,SOCX,Social expenditure,PT_B1GQ,Percentage of GDP,ES10,Public,_T,Total,_T,Total,_Z,Not applicable,2020,,27.86,,A,Normal value,0,Units,1,One,_Z,Not applicable,,
DATAFLOW,OECD.ELS.SPD:DSD_SOCX_AGG@DF_SOCX_AGG(1.0),Social expenditure aggregates,I,PRT,Portugal,A,Annual,SOCX,Social expenditure,PT_B1GQ,Percentage of GDP,ES10,Public,_T,Total,_T,Total,_Z,Not applicable,2015,,23.922,,A,Normal value,0,Units,1,One,_Z,Not applicable,,
DATAFLOW,OECD.ELS.SPD:DSD_SOCX_AGG@DF_SOCX_AGG(1.0),Social expenditure aggregates,I,PRT,Portugal,A,Annual,SOCX,Social expenditure,PT_B1GQ,Percentage of GDP,ES10,Public,_T,Total,_T,Total,_Z,Not applicable,2016,,23.459,,A,Normal value,0,Units,1,One,_Z,Not applicable,,
DATAFLOW,OECD.ELS.SPD:DSD_SOCX_AGG@DF_SOCX_AGG(1.0),Social expenditure aggregates,I,PRT,Portugal,A,Annual,SOCX,Social expenditure,PT_B1GQ,Percentage of GDP,ES10,Public,_T,Total,_T,Total,_Z,Not applicable,2017,,22.728,,A,Normal value,0,Units,1,One,_Z,Not applicable,,
DATAFLOW,OECD.ELS.SPD:DSD_SOCX_AGG@DF_SOCX_AGG(1.0),Social expenditure aggregates,I,PRT,Portugal,A,Annual,SOCX,Social expenditure,PT_B1GQ,Percentage of GDP,ES10,Public,_T,Total,_T,Total,_Z,Not applicable,2018,,22.457,,A,Normal value,0,Units,1,One,_Z,Not applicable,,
DATAFLOW,OECD.ELS.SPD:DSD_SOCX_AGG@DF_SOCX_AGG(1.0),Social expenditure aggregates,I,PRT,Portugal,A,Annual,SOCX,Social expenditure,PT_B1GQ,Percentage of GDP,ES10,Public,_T,Total,_T,Total,_Z,Not applicable,2019,,22.341,,A,Normal value,0,Units,1,One,_Z,Not applicable,,
DATAFLOW,OECD.ELS.SPD:DSD_SOCX_AGG@DF_SOCX_AGG(1.0),Social expenditure aggregates,I,PRT,Portugal,A,Annual,SOCX,Social expenditure,PT_B1GQ,Percentage of GDP,ES10,Public,_T,Total,_T,Total,_Z,Not applicable,2020,,25.113,,A,Normal value,0,Units,1,One,_Z,Not applicable,,
DATAFLOW,OECD.ELS.SPD:DSD_SOCX_AGG@DF_SOCX_AGG(1.0),Social expenditure aggregates,I,ITA,Italy,A,Annual,SOCX,Social expenditure,PT_B1GQ,Percentage of GDP,ES10,Public,_T,Total,_T,Total,_Z,Not applicable,2015,,28.315,,A,Normal value,0,Units,1,One,_Z,Not applicable,,
DATAFLOW,OECD.ELS.SPD:DSD_SOCX_AGG@DF_SOCX_AGG(1.0),Social expenditure aggregates,I,ITA,Italy,A,Annual,SOCX,Social expenditure,PT_B1GQ,Percentage of GDP,ES10,Public,_T,Total,_T,Total,_Z,Not applicable,2016,,27.928,,A,Normal value,0,Units,1,One,_Z,Not applicable,,
DATAFLOW,OECD.ELS.SPD:DSD_SOCX_AGG@DF_SOCX_AGG(1.0),Social expenditure aggregates,I,ITA,Italy,A,Annual,SOCX,Social expenditure,PT_B1GQ,Percentage of GDP,ES10,Public,_T,Total,_T,Total,_Z,Not applicable,2017,,27.653,,A,Normal value,0,Units,1,One,_Z,Not applicable,,
DATAFLOW,OECD.ELS.SPD:DSD_SOCX_AGG@DF_SOCX_AGG(1.0),Social expenditure aggregates,I,ITA,Italy,A,Annual,SOCX,Social expenditure,PT_B1GQ,Percentage of GDP,ES10,Public,_T,Total,_T,Total,_Z,Not applicable,2018,,27.516,,A,Normal value,0,Units,1,One,_Z,Not applicable,,
DATAFLOW,OECD.ELS.SPD:DSD_SOCX_AGG@DF_SOCX_AGG(1.0),Social expenditure aggregates,I,ITA,Italy,A,Annual,SOCX,Social expenditure,PT_B1GQ,Percentage of GDP,ES10,Public,_T,Total,_T,Total,_Z,Not applicable,2019,,27.732,,A,Normal value,0,Units,1,One,_Z,Not applicable,,
DATAFLOW,OECD.ELS.SPD:DSD_SOCX_AGG@DF_SOCX_AGG(1.0),Social expenditure aggregates,I,ITA,Italy,A,Annual,SOCX,Social expenditure,PT_B1GQ,Percentage of GDP,ES10,Public,_T,Total,_T,Total,_Z,Not applicable,2020,,32.628,,A,Normal value,0,Units,1,One,_Z,Not applicable,,
DATAFLOW,OECD.ELS.SPD:DSD_SOCX_AGG@DF_SOCX_AGG(1.0),Social expenditure aggregates,I,GBR,United Kingdom,A,Annual,SOCX,Social expenditure,PT_B1GQ,Percentage of GDP,ES10,Public,_T,Total,_T,Total,_Z,Not applicable,2015,,21.279,,A,Normal value,0,Units,1,One,_Z,Not applicable,,
DATAFLOW,OECD.ELS.SPD:DSD_SOCX_AGG@DF_SOCX_AGG(1.0),Social expenditure aggregates,I,GBR,United Kingdom,A,Annual,SOCX,Social expenditure,PT_B1GQ,Percentage of GDP,ES10,Public,_T,Total,_T,Total,_Z,Not applicable,2016,,20.616,,A,Normal value,0,Units,1,One,_Z,Not applicable,,
DATAFLOW,OECD.ELS.SPD:DSD_SOCX_AGG@DF_SOCX_AGG(1.0),Social expenditure aggregates,I,GBR,United Kingdom,A,Annual,SOCX,Social expenditure,PT_B1GQ,Percentage of GDP,ES10,Public,_T,Total,_T,Total,_Z,Not applicable,2017,,20.212,,A,Normal value,0,Units,1,One,_Z,Not applicable,,
DATAFLOW,OECD.ELS.SPD:DSD_SOCX_AGG@DF_SOCX_AGG(1.0),Social expenditure aggregates,I,GBR,United Kingdom,A,Annual,SOCX,Social expenditure,PT_B1GQ,Percentage of GDP,ES10,Public,_T,Total,_T,Total,_Z,Not applicable,2018,,19.724,,A,Normal value,0,Units,1,One,_Z,Not applicable,,
DATAFLOW,OECD.ELS.SPD:DSD_SOCX_AGG@DF_SOCX_AGG(1.0),Social expenditure aggregates,I,GBR,United Kingdom,A,Annual,SOCX,Social expenditure,PT_B1GQ,Percentage of GDP,ES10,Public,_T,Total,_T,Total,_Z,Not applicable,2019,,19.513,,A,Normal value,0,Units,1,One,_Z,Not applicable,,
DATAFLOW,OECD.ELS.SPD:DSD_SOCX_AGG@DF_SOCX_AGG(1.0),Social expenditure aggregates,I,GBR,United Kingdom,A,Annual,SOCX,Social expenditure,PT_B1GQ,Percentage of GDP,ES10,Public,_T,Total,_T,Total,_Z,Not applicable,2020,,22.488,,A,Normal value,0,Units,1,One,_Z,Not applicable,,
DATAFLOW,OECD.ELS.SPD:DSD_SOCX_AGG@DF_SOCX_AGG(1.0),Social expenditure aggregates,I,BEL,Belgium,A,Annual,SOCX,Social expenditure,PT_B1GQ,Percentage of GDP,ES10,Public,_T,Total,_T,Total,_Z,Not applicable,2015,,29.055,,A,Normal value,0,Units,1,One,_Z,Not applicable,,
DATAFLOW,OECD.ELS.SPD:DSD_SOCX_AGG@DF_SOCX_AGG(1.0),Social expenditure aggregates,I,BEL,Belgium,A,Annual,SOCX,Social expenditure,PT_B1GQ,Percentage of GDP,ES10,Public,_T,Total,_T,Total,_Z,Not applicable,2016,,28.426,,A,Normal value,0,Units,1,One,_Z,Not applicable,,
DATAFLOW,OECD.ELS.SPD:DSD_SOCX_AGG@DF_SOCX_AGG(1.0),Social expenditure aggregates,I,BEL,Belgium,A,Annual,SOCX,Social expenditure,PT_B1GQ,Percentage of GDP,ES10,Public,_T,Total,_T,Total,_Z,Not applicable,2017,,28.275,,A,Normal value,0,Units,1,One,_Z,Not applicable,,
DATAFLOW,OECD.ELS.SPD:DSD_SOCX_AGG@DF_SOCX_AGG(1.0),Social expenditure aggregates,I,BEL,Belgium,A,Annual,SOCX,Social expenditure,PT_B1GQ,Percentage of GDP,ES10,Public,_T,Total,_T,Total,_Z,Not applicable,2018,,28.355,,A,Normal value,0,Units,1,One,_Z,Not applicable,,
DATAFLOW,OECD.ELS.SPD:DSD_SOCX_AGG@DF_SOCX_AGG(1.0),Social expenditure aggregates,I,BEL,Belgium,A,Annual,SOCX,Social expenditure,PT_B1GQ,Percentage of GDP,ES10,Public,_T,Total,_T,Total,_Z,Not applicable,2019,,28.218,,A,Normal value,0,Units,1,One,_Z,Not applicable,,
DATAFLOW,OECD.ELS.SPD:DSD_SOCX_AGG@DF_SOCX_AGG(1.0),Social expenditure aggregates,I,BEL,Belgium,A,Annual,SOCX,Social expenditure,PT_B1GQ,Percentage of GDP,ES10,Public,_T,Total,_T,Total,_Z,Not applicable,2020,,32.28,,A,Normal value,0,Units,1,One,_Z,Not applicable,,
DATAFLOW,OECD.ELS.SPD:DSD_SOCX_AGG@DF_SOCX_AGG(1.0),Social expenditure aggregates,I,NOR,Norway,A,Annual,SOCX,Social expenditure,PT_B1GQ,Percentage of GDP,ES10,Public,_T,Total,_T,Total,_Z,Not applicable,2015,,24.681,,A,Normal value,0,Units,1,One,_Z,Not applicable,,
DATAFLOW,OECD.ELS.SPD:DSD_SOCX_AGG@DF_SOCX_AGG(1.0),Social expenditure aggregates,I,NOR,Norway,A,Annual,SOCX,Social expenditure,PT_B1GQ,Percentage of GDP,ES10,Public,_T,Total,_T,Total,_Z,Not applicable,2016,,25.934,,A,Normal value,0,Units,1,One,_Z,Not applicable,,
DATAFLOW,OECD.ELS.SPD:DSD_SOCX_AGG@DF_SOCX_AGG(1.0),Social expenditure aggregates,I,NOR,Norway,A,Annual,SOCX,Social expenditure,PT_B1GQ,Percentage of GDP,ES10,Public,_T,Total,_T,Total,_Z,Not applicable,2017,,25.129,,A,Normal value,0,Units,1,One,_Z,Not applicable,,
DATAFLOW,OECD.ELS.SPD:DSD_SOCX_AGG@DF_SOCX_AGG(1.0),Social expenditure aggregates,I,NOR,Norway,A,Annual,SOCX,Social expenditure,PT_B1GQ,Percentage of GDP,ES10,Public,_T,Total,_T,Total,_Z,Not applicable,2018,,24.21,,A,Normal value,0,Units,1,One,_Z,Not applicable,,
DATAFLOW,OECD.ELS.SPD:DSD_SOCX_AGG@DF_SOCX_AGG(1.0),Social expenditure aggregates,I,NOR,Norway,A,Annual,SOCX,Social expenditure,PT_B1GQ,Percentage of GDP,ES10,Public,_T,Total,_T,Total,_Z,Not applicable,2019,,25.278,,A,Normal value,0,Units,1,One,_Z,Not applicable,,
DATAFLOW,OECD.ELS.SPD:DSD_SOCX_AGG@DF_SOCX_AGG(1.0),Social expenditure aggregates,I,NOR,Norway,A,Annual,SOCX,Social expenditure,PT_B1GQ,Percentage of GDP,ES10,Public,_T,Total,_T,Total,_Z,Not applicable,2020,,28.159,,A,Normal value,0,Units,1,One,_Z,Not applicable,,
DATAFLOW,OECD.ELS.SPD:DSD_SOCX_AGG@DF_SOCX_AGG(1.0),Social expenditure aggregates,I,IRL,Ireland,A,Annual,SOCX,Social expenditure,PT_B1GQ,Percentage of GDP,ES10,Public,_T,Total,_T,Total,_Z,Not applicable,2015,,15.196,,A,Normal value,0,Units,1,One,_Z,Not applicable,,
DATAFLOW,OECD.ELS.SPD:DSD_SOCX_AGG@DF_SOCX_AGG(1.0),Social expenditure aggregates,I,IRL,Ireland,A,Annual,SOCX,Social expenditure,PT_B1GQ,Percentage of GDP,ES10,Public,_T,Total,_T,Total,_Z,Not applicable,2016,,15.13,,A,Normal value,0,Units,1,One,_Z,Not applicable,,
DATAFLOW,OECD.ELS.SPD:DSD_SOCX_AGG@DF_SOCX_AGG(1.0),Social expenditure aggregates,I,IRL,Ireland,A,Annual,SOCX,Social expenditure,PT_B1GQ,Percentage of GDP,ES10,Public,_T,Total,_T,Total,_Z,Not applicable,2017,,14.181,,A,Normal value,0,Units,1,One,_Z,Not applicable,,
DATAFLOW,OECD.ELS.SPD:DSD_SOCX_AGG@DF_SOCX_AGG(1.0),Social expenditure aggregates,I,IRL,Ireland,A,Annual,SOCX,Social expenditure,PT_B1GQ,Percentage of GDP,ES10,Public,_T,Total,_T,Total,_Z,Not applicable,2018,,13.519,,A,Normal value,0,Units,1,One,_Z,Not applicable,,
DATAFLOW,OECD.ELS.SPD:DSD_SOCX_AGG@DF_SOCX_AGG(1.0),Social expenditure aggregates,I,IRL,Ireland,A,Annual,SOCX,Social expenditure,PT_B1GQ,Percentage of GDP,ES10,Public,_T,Total,_T,Total,_Z,Not applicable,2019,,12.868,,A,Normal value,0,Units,1,One,_Z,Not applicable,,
DATAFLOW,OECD.ELS.SPD:DSD_SOCX_AGG@DF_SOCX_AGG(1.0),Social expenditure aggregates,I,IRL,Ireland,A,Annual,SOCX,Social expenditure,PT_B1GQ,Percentage of GDP,ES10,Public,_T,Total,_T,Total,_Z,Not applicable,2020,,15.694,,A,Normal value,0,Units,1,One,_Z,Not applicable,,
DATAFLOW,OECD.ELS.SPD:DSD_SOCX_AGG@DF_SOCX_AGG(1.0),Social expenditure aggregates,I,COL,Colombia,A,Annual,SOCX,Social expenditure,PT_B1GQ,Percentage of GDP,ES10,Public,_T,Total,_T,Total,_Z,Not applicable,2015,,14.545,,A,Normal value,0,Units,1,One,_Z,Not applicable,,
DATAFLOW,OECD.ELS.SPD:DSD_SOCX_AGG@DF_SOCX_AGG(1.0),Social expenditure aggregates,I,COL,Colombia,A,Annual,SOCX,Social expenditure,PT_B1GQ,Percentage of GDP,ES10,Public,_T,Total,_T,Total,_Z,Not applicable,2016,,14.147,,A,Normal value,0,Units,1,One,_Z,Not applicable,,
DATAFLOW,OECD.ELS.SPD:DSD_SOCX_AGG@DF_SOCX_AGG(1.0),Social expenditure aggregates,I,COL,Colombia,A,Annual,SOCX,Social expenditure,PT_B1GQ,Percentage of GDP,ES10,Public,_T,Total,_T,Total,_Z,Not applicable,2017,,14.112,,A,Normal value,0,Units,1,One,_Z,Not applicable,,
DATAFLOW,OECD.ELS.SPD:DSD_SOCX_AGG@DF_SOCX_AGG(1.0),Social expenditure aggregates,I,COL,Colombia,A,Annual,SOCX,Social expenditure,PT_B1GQ,Percentage of GDP,ES10,Public,_T,Total,_T,Total,_Z,Not applicable,2018,,13.688,,A,Normal value,0,Units,1,One,_Z,Not applicable,,
DATAFLOW,OECD.ELS.SPD:DSD_SOCX_AGG@DF_SOCX_AGG(1.0),Social expenditure aggregates,I,COL,Colombia,A,Annual,SOCX,Social expenditure,PT_B1GQ,Percentage of GDP,ES10,Public,_T,Total,_T,Total,_Z,Not applicable,2019,,14.126,,A,Normal value,0,Units,1,One,_Z,Not applicable,,
DATAFLOW,OECD.ELS.SPD:DSD_SOCX_AGG@DF_SOCX_AGG(1.0),Social expenditure aggregates,I,COL,Colombia,A,Annual,SOCX,Social expenditure,PT_B1GQ,Percentage of GDP,ES10,Public,_T,Total,_T,Total,_Z,Not applicable,2020,,17.02,,A,Normal value,0,Units,1,One,_Z,Not applicable,,
DATAFLOW,OECD.ELS.SPD:DSD_SOCX_AGG@DF_SOCX_AGG(1.0),Social expenditure aggregates,I,DEU,Germany,A,Annual,SOCX,Social expenditure,PT_B1GQ,Percentage of GDP,ES10,Public,_T,Total,_T,Total,_Z,Not applicable,2015,,25.07,,A,Normal value,0,Units,1,One,_Z,Not applicable,,
DATAFLOW,OECD.ELS.SPD:DSD_SOCX_AGG@DF_SOCX_AGG(1.0),Social expenditure aggregates,I,DEU,Germany,A,Annual,SOCX,Social expenditure,PT_B1GQ,Percentage of GDP,ES10,Public,_T,Total,_T,Total,_Z,Not applicable,2016,,25.278,,A,Normal value,0,Units,1,One,_Z,Not applicable,,
DATAFLOW,OECD.ELS.SPD:DSD_SOCX_AGG@DF_SOCX_AGG(1.0),Social expenditure aggregates,I,DEU,Germany,A,Annual,SOCX,Social expenditure,PT_B1GQ,Percentage of GDP,ES10,Public,_T,Total,_T,Total,_Z,Not applicable,2017,,25.237,,A,Normal value,0,Units,1,One,_Z,Not applicable,,
DATAFLOW,OECD.ELS.SPD:DSD_SOCX_AGG@DF_SOCX_AGG(1.0),Social expenditure aggregates,I,DEU,Germany,A,Annual,SOCX,Social expenditure,PT_B1GQ,Percentage of GDP,ES10,Public,_T,Total,_T,Total,_Z,Not applicable,2018,,25.296,,A,Normal value,0,Units,1,One,_Z,Not applicable,,
DATAFLOW,OECD.ELS.SPD:DSD_SOCX_AGG@DF_SOCX_AGG(1.0),Social expenditure aggregates,I,DEU,Germany,A,Annual,SOCX,Social expenditure,PT_B1GQ,Percentage of GDP,ES10,Public,_T,Total,_T,Total,_Z,Not applicable,2019,,25.59,,A,Normal value,0,Units,1,One,_Z,Not applicable,,
DATAFLOW,OECD.ELS.SPD:DSD_SOCX_AGG@DF_SOCX_AGG(1.0),Social expenditure aggregates,I,DEU,Germany,A,Annual,SOCX,Social expenditure,PT_B1GQ,Percentage of GDP,ES10,Public,_T,Total,_T,Total,_Z,Not applicable,2020,,27.938,,A,Normal value,0,Units,1,One,_Z,Not applicable,,
